{
    "name": "root",
    "gauges": {
        "Manipulator.Policy.Entropy.mean": {
            "value": 1.2783375978469849,
            "min": 1.2783375978469849,
            "max": 1.421319603919983,
            "count": 92
        },
        "Manipulator.Policy.Entropy.sum": {
            "value": 12844.736328125,
            "min": 9431.4033203125,
            "max": 20954.8828125,
            "count": 92
        },
        "Manipulator.Environment.EpisodeLength.mean": {
            "value": 228.39473684210526,
            "min": 47.97674418604651,
            "max": 691.8666666666667,
            "count": 92
        },
        "Manipulator.Environment.EpisodeLength.sum": {
            "value": 8679.0,
            "min": 6270.0,
            "max": 14010.0,
            "count": 92
        },
        "Manipulator.Step.mean": {
            "value": 919611.0,
            "min": 9578.0,
            "max": 919611.0,
            "count": 92
        },
        "Manipulator.Step.sum": {
            "value": 919611.0,
            "min": 9578.0,
            "max": 919611.0,
            "count": 92
        },
        "Manipulator.Policy.ExtrinsicValueEstimate.mean": {
            "value": 19.285812377929688,
            "min": -58.69327926635742,
            "max": 19.285812377929688,
            "count": 92
        },
        "Manipulator.Policy.ExtrinsicValueEstimate.sum": {
            "value": 925.718994140625,
            "min": -1702.1051025390625,
            "max": 1318.109130859375,
            "count": 92
        },
        "Manipulator.Environment.CumulativeReward.mean": {
            "value": 65.46896609036546,
            "min": -524.3912687982831,
            "max": 104.25858706043613,
            "count": 92
        },
        "Manipulator.Environment.CumulativeReward.sum": {
            "value": 2487.8207114338875,
            "min": -10491.208039522171,
            "max": 3407.2787246108055,
            "count": 92
        },
        "Manipulator.Policy.ExtrinsicReward.mean": {
            "value": 65.46896609036546,
            "min": -524.3912687982831,
            "max": 104.25858706043613,
            "count": 92
        },
        "Manipulator.Policy.ExtrinsicReward.sum": {
            "value": 2487.8207114338875,
            "min": -10491.208039522171,
            "max": 3407.2787246108055,
            "count": 92
        },
        "Manipulator.IsTraining.mean": {
            "value": 1.0,
            "min": 1.0,
            "max": 1.0,
            "count": 92
        },
        "Manipulator.IsTraining.sum": {
            "value": 1.0,
            "min": 1.0,
            "max": 1.0,
            "count": 92
        },
        "Manipulator.Losses.PolicyLoss.mean": {
            "value": 0.03342329767765477,
            "min": 0.026323780603706836,
            "max": 0.04228508798987605,
            "count": 90
        },
        "Manipulator.Losses.PolicyLoss.sum": {
            "value": 0.03342329767765477,
            "min": 0.026323780603706836,
            "max": 0.04228508798987605,
            "count": 90
        },
        "Manipulator.Losses.ValueLoss.mean": {
            "value": 21.998195672035216,
            "min": 15.928689090829147,
            "max": 2487.117062217311,
            "count": 90
        },
        "Manipulator.Losses.ValueLoss.sum": {
            "value": 21.998195672035216,
            "min": 15.928689090829147,
            "max": 2487.117062217311,
            "count": 90
        },
        "Manipulator.Policy.LearningRate.mean": {
            "value": 2.4537091821000008e-05,
            "min": 2.4537091821000008e-05,
            "max": 0.00029699970100010003,
            "count": 90
        },
        "Manipulator.Policy.LearningRate.sum": {
            "value": 2.4537091821000008e-05,
            "min": 2.4537091821000008e-05,
            "max": 0.00029699970100010003,
            "count": 90
        },
        "Manipulator.Policy.Epsilon.mean": {
            "value": 0.108179,
            "min": 0.108179,
            "max": 0.19899990000000004,
            "count": 90
        },
        "Manipulator.Policy.Epsilon.sum": {
            "value": 0.108179,
            "min": 0.108179,
            "max": 0.19899990000000004,
            "count": 90
        },
        "Manipulator.Policy.Beta.mean": {
            "value": 9.097210000000004e-05,
            "min": 9.097210000000004e-05,
            "max": 0.0009900990099999999,
            "count": 90
        },
        "Manipulator.Policy.Beta.sum": {
            "value": 9.097210000000004e-05,
            "min": 9.097210000000004e-05,
            "max": 0.0009900990099999999,
            "count": 90
        }
    },
    "metadata": {
        "timer_format_version": "0.1.0",
        "start_time_seconds": "1731006174",
        "python_version": "3.10.12 (main, Nov  7 2024, 16:57:00) [GCC 13.2.0]",
        "command_line_arguments": "/home/rher/Desktop/MEGACOCK/AI/lab5/venv/bin/mlagents-learn MLConfigs/Manipulator3.yaml --run-id=Manipulator3Run --train --force",
        "mlagents_version": "1.1.0",
        "mlagents_envs_version": "1.1.0",
        "communication_protocol_version": "1.5.0",
        "pytorch_version": "2.5.1+cu124",
        "numpy_version": "1.23.5",
        "end_time_seconds": "1731007358"
    },
    "total": 1183.5424942610007,
    "count": 1,
    "self": 0.005861648000063724,
    "children": {
        "run_training.setup": {
            "total": 0.02331343199875846,
            "count": 1,
            "self": 0.02331343199875846
        },
        "TrainerController.start_learning": {
            "total": 1183.5133191810019,
            "count": 1,
            "self": 1.5408604861604545,
            "children": {
                "TrainerController._reset_env": {
                    "total": 8.127728086999923,
                    "count": 1,
                    "self": 8.127728086999923
                },
                "TrainerController.advance": {
                    "total": 1173.7760539018418,
                    "count": 62488,
                    "self": 1.392542655898069,
                    "children": {
                        "env_step": {
                            "total": 838.5466794572603,
                            "count": 62488,
                            "self": 715.087098214326,
                            "children": {
                                "SubprocessEnvManager._take_step": {
                                    "total": 122.41294803525307,
                                    "count": 62488,
                                    "self": 6.175113473056626,
                                    "children": {
                                        "TorchPolicy.evaluate": {
                                            "total": 116.23783456219644,
                                            "count": 57931,
                                            "self": 116.23783456219644
                                        }
                                    }
                                },
                                "workers": {
                                    "total": 1.046633207681225,
                                    "count": 62487,
                                    "self": 0.0,
                                    "children": {
                                        "worker_root": {
                                            "total": 1172.7315900516405,
                                            "count": 62487,
                                            "is_parallel": true,
                                            "self": 574.2098293160961,
                                            "children": {
                                                "run_training.setup": {
                                                    "total": 0.0,
                                                    "count": 0,
                                                    "is_parallel": true,