{
    "name": "root",
    "gauges": {
        "Manipulator.Policy.Entropy.mean": {
            "value": 1.3253958225250244,
            "min": 1.3253958225250244,
            "max": 1.418938398361206,
            "count": 83
        },
        "Manipulator.Policy.Entropy.sum": {
            "value": 15915.353515625,
            "min": 13623.2568359375,
            "max": 19704.962890625,
            "count": 83
        },
        "Manipulator.Environment.EpisodeLength.mean": {
            "value": 378.28125,
            "min": 113.26923076923077,
            "max": 686.1666666666666,
            "count": 83
        },
        "Manipulator.Environment.EpisodeLength.sum": {
            "value": 12105.0,
            "min": 10999.0,
            "max": 12908.0,
            "count": 83
        },
        "Manipulator.Step.mean": {
            "value": 995573.0,
            "min": 11714.0,
            "max": 995573.0,
            "count": 83
        },
        "Manipulator.Step.sum": {
            "value": 995573.0,
            "min": 11714.0,
            "max": 995573.0,
            "count": 83
        },
        "Manipulator.Policy.ExtrinsicValueEstimate.mean": {
            "value": 17.556652069091797,
            "min": -58.17862319946289,
            "max": 17.738862991333008,
            "count": 83
        },
        "Manipulator.Policy.ExtrinsicValueEstimate.sum": {
            "value": 561.8128662109375,
            "min": -1295.715576171875,
            "max": 1312.3629150390625,
            "count": 83
        },
        "Manipulator.Environment.CumulativeReward.mean": {
            "value": 106.8169960975647,
            "min": -608.0777793668565,
            "max": 106.8169960975647,
            "count": 83
        },
        "Manipulator.Environment.CumulativeReward.sum": {
            "value": 3418.1438751220703,
            "min": -12769.633366703987,
            "max": 3418.1438751220703,
            "count": 83
        },
        "Manipulator.Policy.ExtrinsicReward.mean": {
            "value": 106.8169960975647,
            "min": -608.0777793668565,
            "max": 106.8169960975647,
            "count": 83
        },
        "Manipulator.Policy.ExtrinsicReward.sum": {
            "value": 3418.1438751220703,
            "min": -12769.633366703987,
            "max": 3418.1438751220703,
            "count": 83
        },
        "Manipulator.IsTraining.mean": {
            "value": 1.0,
            "min": 1.0,
            "max": 1.0,
            "count": 83
        },
        "Manipulator.IsTraining.sum": {
            "value": 1.0,
            "min": 1.0,
            "max": 1.0,
            "count": 83
        },
        "Manipulator.Losses.PolicyLoss.mean": {
            "value": 0.03741781585591121,
            "min": 0.02922694806733893,
            "max": 0.04203872251013915,
            "count": 80
        },
        "Manipulator.Losses.PolicyLoss.sum": {
            "value": 0.03741781585591121,
            "min": 0.02922694806733893,
            "max": 0.04203872251013915,
            "count": 80
        },
        "Manipulator.Losses.ValueLoss.mean": {
            "value": 15.402836031383938,
            "min": 15.402836031383938,
            "max": 3092.780554877387,
            "count": 80
        },
        "Manipulator.Losses.ValueLoss.sum": {
            "value": 15.402836031383938,
            "min": 15.402836031383938,
            "max": 3092.780554877387,
            "count": 80
        },
        "Manipulator.Policy.LearningRate.mean": {
            "value": 3.457598847500002e-06,
            "min": 3.457598847500002e-06,
            "max": 0.00029618580127139995,
            "count": 80
        },
        "Manipulator.Policy.LearningRate.sum": {
            "value": 3.457598847500002e-06,
            "min": 3.457598847500002e-06,
            "max": 0.00029618580127139995,
            "count": 80
        },
        "Manipulator.Policy.Epsilon.mean": {
            "value": 0.10115249999999999,
            "min": 0.10115249999999999,
            "max": 0.19872859999999998,
            "count": 80
        },
        "Manipulator.Policy.Epsilon.sum": {
            "value": 0.10115249999999999,
            "min": 0.10115249999999999,
            "max": 0.19872859999999998,
            "count": 80
        },
        "Manipulator.Policy.Beta.mean": {
            "value": 2.140975000000001e-05,
            "min": 2.140975000000001e-05,
            "max": 0.00098741314,
            "count": 80
        },
        "Manipulator.Policy.Beta.sum": {
            "value": 2.140975000000001e-05,
            "min": 2.140975000000001e-05,
            "max": 0.00098741314,
            "count": 80
        }
    },
    "metadata": {
        "timer_format_version": "0.1.0",
        "start_time_seconds": "1730999084",
        "python_version": "3.10.12 (main, Nov  7 2024, 16:57:00) [GCC 13.2.0]",
        "command_line_arguments": "/home/rher/Desktop/MEGACOCK/AI/lab5/venv/bin/mlagents-learn MLConfigs/Manipulator.yaml --run-id=ManipulatorRun --train --force",
        "mlagents_version": "1.1.0",
        "mlagents_envs_version": "1.1.0",
        "communication_protocol_version": "1.5.0",
        "pytorch_version": "2.5.1+cu124",
        "numpy_version": "1.23.5",
        "end_time_seconds": "1731002562"
    },
    "total": 3478.2989847240005,
    "count": 1,
    "self": 0.008069382998655783,
    "children": {
        "run_training.setup": {
            "total": 0.02202104600110033,
            "count": 1,
            "self": 0.02202104600110033
        },
        "TrainerController.start_learning": {
            "total": 3478.268894295001,
            "count": 1,
            "self": 7.193993546274214,
            "children": {
                "TrainerController._reset_env": {
                    "total": 8.89449985200008,
                    "count": 1,
                    "self": 8.89449985200008
                },
                "TrainerController.advance": {
                    "total": 3462.125689358727,
                    "count": 253909,
                    "self": 6.714464808866978,
                    "children": {
                        "env_step": {
                            "total": 3112.988571492642,
                            "count": 253909,
                            "self": 2489.6097250565435,
                            "children": {
                                "SubprocessEnvManager._take_step": {
                                    "total": 618.5632343448942,
                                    "count": 253909,
                                    "self": 27.50645121771049,
                                    "children": {
                                        "TorchPolicy.evaluate": {
                                            "total": 591.0567831271837,
                                            "count": 250471,
                                            "self": 591.0567831271837
                                        }
                                    }
                                },
                                "workers": {
                                    "total": 4.815612091204457,
                                    "count": 253909,
                                    "self": 0.0,
                                    "children": {
                                        "worker_root": {
                                            "total": 3466.4216402721704,
                                            "count": 253909,
                                            "is_parallel": true,
                                            "self": 1374.0411232736096,
                                            "children": {
                                                "run_training.setup": {
                                                    "total": 0.0,
                                                    "count": 0,
                                                    "is_parallel": true,