{
    "name": "root",
    "gauges": {
        "Manipulator.Policy.Entropy.mean": {
            "value": 1.1623386144638062,
            "min": 1.1623386144638062,
            "max": 1.4189382791519165,
            "count": 100
        },
        "Manipulator.Policy.Entropy.sum": {
            "value": 11623.3857421875,
            "min": 11590.548828125,
            "max": 14666.146484375,
            "count": 100
        },
        "Manipulator.Environment.EpisodeLength.mean": {
            "value": 2.819396716303933,
            "min": 2.735700934579439,
            "max": 37.195402298850574,
            "count": 100
        },
        "Manipulator.Environment.EpisodeLength.sum": {
            "value": 7384.0,
            "min": 7318.0,
            "max": 9782.0,
            "count": 100
        },
        "Manipulator.Step.mean": {
            "value": 999993.0,
            "min": 9967.0,
            "max": 999993.0,
            "count": 100
        },
        "Manipulator.Step.sum": {
            "value": 999993.0,
            "min": 9967.0,
            "max": 999993.0,
            "count": 100
        },
        "Manipulator.Policy.ExtrinsicValueEstimate.mean": {
            "value": 176.72096252441406,
            "min": -20.386091232299805,
            "max": 177.44268798828125,
            "count": 100
        },
        "Manipulator.Policy.ExtrinsicValueEstimate.sum": {
            "value": 462478.75,
            "min": -6034.283203125,
            "max": 474659.1875,
            "count": 100
        },
        "Manipulator.Environment.CumulativeReward.mean": {
            "value": 180.688821726279,
            "min": -10.510038055536402,
            "max": 181.11193509395991,
            "count": 100
        },
        "Manipulator.Environment.CumulativeReward.sum": {
            "value": 472862.6464576721,
            "min": -2753.629970550537,
            "max": 484474.4263763428,
            "count": 100
        },
        "Manipulator.Policy.ExtrinsicReward.mean": {
            "value": 180.688821726279,
            "min": -10.510038055536402,
            "max": 181.11193509395991,
            "count": 100
        },
        "Manipulator.Policy.ExtrinsicReward.sum": {
            "value": 472862.6464576721,
            "min": -2753.629970550537,
            "max": 484474.4263763428,
            "count": 100
        },
        "Manipulator.IsTraining.mean": {
            "value": 1.0,
            "min": 1.0,
            "max": 1.0,
            "count": 100
        },
        "Manipulator.IsTraining.sum": {
            "value": 1.0,
            "min": 1.0,
            "max": 1.0,
            "count": 100
        },
        "Manipulator.Losses.PolicyLoss.mean": {
            "value": 0.03214585471065029,
            "min": 0.025380921445934002,
            "max": 0.04001180937293133,
            "count": 99
        },
        "Manipulator.Losses.PolicyLoss.sum": {
            "value": 0.03214585471065029,
            "min": 0.025380921445934002,
            "max": 0.04001180937293133,
            "count": 99
        },
        "Manipulator.Losses.ValueLoss.mean": {
            "value": 106.28591878790604,
            "min": 83.28287706877056,
            "max": 1886.804618433902,
            "count": 99
        },
        "Manipulator.Losses.ValueLoss.sum": {
            "value": 106.28591878790604,
            "min": 83.28287706877056,
            "max": 1886.804618433902,
            "count": 99
        },
        "Manipulator.Policy.LearningRate.mean": {
            "value": 2.6766991077999942e-06,
            "min": 2.6766991077999942e-06,
            "max": 0.00029698590100470004,
            "count": 99
        },
        "Manipulator.Policy.LearningRate.sum": {
            "value": 2.6766991077999942e-06,
            "min": 2.6766991077999942e-06,
            "max": 0.00029698590100470004,
            "count": 99
        },
        "Manipulator.Policy.Epsilon.mean": {
            "value": 0.10089219999999999,
            "min": 0.10089219999999999,
            "max": 0.1989953,
            "count": 99
        },
        "Manipulator.Policy.Epsilon.sum": {
            "value": 0.10089219999999999,
            "min": 0.10089219999999999,
            "max": 0.1989953,
            "count": 99
        },
        "Manipulator.Policy.Beta.mean": {
            "value": 1.8832779999999985e-05,
            "min": 1.8832779999999985e-05,
            "max": 0.0009900534700000001,
            "count": 99
        },
        "Manipulator.Policy.Beta.sum": {
            "value": 1.8832779999999985e-05,
            "min": 1.8832779999999985e-05,
            "max": 0.0009900534700000001,
            "count": 99
        }
    },
    "metadata": {
        "timer_format_version": "0.1.0",
        "start_time_seconds": "1731010401",
        "python_version": "3.10.12 (main, Nov  7 2024, 16:57:00) [GCC 13.2.0]",
        "command_line_arguments": "/home/rher/Desktop/MEGACOCK/AI/lab5/venv/bin/mlagents-learn MLConfigs/Manipulator4.yaml --run-id=Manipulator4Run3 --train --force",
        "mlagents_version": "1.1.0",
        "mlagents_envs_version": "1.1.0",
        "communication_protocol_version": "1.5.0",
        "pytorch_version": "2.5.1+cu124",
        "numpy_version": "1.23.5",
        "end_time_seconds": "1731012625"
    },
    "total": 2223.125221257,
    "count": 1,
    "self": 0.01149418899876764,
    "children": {
        "run_training.setup": {
            "total": 0.02510559700021986,
            "count": 1,
            "self": 0.02510559700021986
        },
        "TrainerController.start_learning": {
            "total": 2223.088621471001,
            "count": 1,
            "self": 4.840597785041609,
            "children": {
                "TrainerController._reset_env": {
                    "total": 8.169745654002327,
                    "count": 1,
                    "self": 8.169745654002327
                },
                "TrainerController.advance": {
                    "total": 2210.0300210529567,
                    "count": 158411,
                    "self": 3.5768355290056206,
                    "children": {
                        "env_step": {
                            "total": 1365.0376681292764,
                            "count": 158411,
                            "self": 1241.249075076852,
                            "children": {
                                "SubprocessEnvManager._take_step": {
                                    "total": 121.29273079585255,
                                    "count": 158411,
                                    "self": 7.140151551706367,
                                    "children": {
                                        "TorchPolicy.evaluate": {
                                            "total": 114.15257924414618,
                                            "count": 62502,
                                            "self": 114.15257924414618
                                        }
                                    }
                                },
                                "workers": {
                                    "total": 2.4958622565718542,
                                    "count": 158411,
                                    "self": 0.0,
                                    "children": {
                                        "worker_root": {
                                            "total": 2216.6901523617416,
                                            "count": 158411,
                                            "is_parallel": true,
                                            "self": 1188.7676573383142,
                                            "children": {
                                                "run_training.setup": {
                                                    "total": 0.0,
                                                    "count": 0,
                                                    "is_parallel": true,